Metric,Mask,Sequence,Pearson,Spearman
niqe,False,crowd_run_short,0.9064771655942133,0.8842429406390923
niqe,False,kayak_trip_short,0.8824660470659302,0.8388978957853322
niqe,False,making_alcohol_short,0.6390210331362085,0.4803079432302614
niqe,False,tractor_short,0.849071429448805,0.8229812413059586
niqe,False,wedding_party_short,0.7753791580642078,0.894660076168868
niqe,True,crowd_run_short,0.9619855034632276,0.907094526898277
niqe,True,kayak_trip_short,0.831294881360772,0.7995624170899857
niqe,True,making_alcohol_short,0.8295689642426421,0.7455937772012726
niqe,True,tractor_short,0.8875725208142174,0.8449756915913504
niqe,True,wedding_party_short,0.7869486270112116,0.8482171826878935
psnr,False,crowd_run_short,0.030283560311731985,0.016451233964088447
psnr,False,kayak_trip_short,0.9052377012320093,0.8920670934284094
psnr,False,making_alcohol_short,0.7783940873180167,0.7240093995624342
psnr,False,tractor_short,0.8140932632620822,0.8246495421764849
psnr,False,wedding_party_short,0.9471277280834677,0.9367960457013208
psnr,True,crowd_run_short,0.29226354147945566,0.37729427525802905
psnr,True,kayak_trip_short,0.9089372076342774,0.8923912162709667
psnr,True,making_alcohol_short,0.7534740764661714,0.6640466736893282
psnr,True,tractor_short,0.8425177321184648,0.8465278340491046
psnr,True,wedding_party_short,0.9534186926821645,0.9363098614374848
ssim,False,crowd_run_short,0.8812180578384258,0.8733583375077754
ssim,False,kayak_trip_short,0.9449713320386485,0.9326903785893439
ssim,False,making_alcohol_short,0.8483511685728885,0.7541307489427785
ssim,False,tractor_short,0.8842662945042249,0.8607802021759715
ssim,False,wedding_party_short,0.9652195155018934,0.9431763919668352
ssim,True,crowd_run_short,0.8922469062340628,0.8810798389099647
ssim,True,kayak_trip_short,0.9444877044597229,0.9331551013978918
ssim,True,making_alcohol_short,0.8177180855536774,0.7042748084101036
ssim,True,tractor_short,0.8851986027941505,0.8613156488560726
ssim,True,wedding_party_short,0.9655230147855459,0.9383571644013
vmaf,False,crowd_run_short,0.957920923027346,0.9058423142370958
vmaf,False,kayak_trip_short,0.9438519624364066,0.9283688517948302
vmaf,False,making_alcohol_short,0.905265318263268,0.8060124787294385
vmaf,False,tractor_short,0.9244786068001519,0.9160521837776517
vmaf,False,wedding_party_short,0.9557451878911303,0.9460335467142047
vmaf,True,crowd_run_short,0.9552500605920445,0.9032493314966372
vmaf,True,kayak_trip_short,0.9435542195228664,0.9296653431650596
vmaf,True,making_alcohol_short,0.8847727502157087,0.7867271695972774
vmaf,True,tractor_short,0.9026947185481122,0.9032493314966372
vmaf,True,wedding_party_short,0.9575438388020023,0.9457094238716474
